{
  "basis": "cheb",
  "bf16_eval_max_g": 1.0,
  "bf16_eval_min_g": 0.265625,
  "coeffs": [
    1.8232628665779747,
    -2.063519835471621,
    1.5332403601678175,
    -1.2150458574492273,
    0.9859213971385332,
    -0.7005156826676707
  ],
  "deg": 5,
  "ell": 0.001,
  "kind": "phase1_bf16_safe_refined",
  "mu_star": 0.014048578904476017,
  "proxy_min_g": 0.26615901438275374
}