{
  "basis": "cheb",
  "bf16_eval_max_g": 1.0,
  "bf16_eval_min_g": 0.478515625,
  "coeffs": [
    1.1480987668035827,
    -0.6455407233705182,
    0.4340518309511465,
    -0.44897100841145154
  ],
  "deg": 3,
  "ell": 0.001,
  "kind": "phase1_bf16_safe_refined",
  "mu_star": 0.003153162484522909,
  "proxy_min_g": 0.4773388469640961,
  "r": 4.0
}