{
  "basis": "cheb",
  "bf16_eval_max_g": 1.0,
  "bf16_eval_min_g": 0.53515625,
  "coeffs": [
    1.1844331654629938,
    -0.656687934987264,
    0.42424260079854076,
    -0.33668531254197925,
    0.3852023782902404
  ],
  "deg": 4,
  "ell": 0.001,
  "kind": "phase1_bf16_safe_refined",
  "mu_star": 0.008189231785945593,
  "proxy_min_g": 0.5317952331724838,
  "r": 4.0
}