{
  "basis": "cheb",
  "bf16_eval_max_g": 1.0,
  "bf16_eval_min_g": 0.578125,
  "coeffs": [
    1.2066845297806799,
    -0.6724240199915603,
    0.42818224209311345,
    -0.3242333155340929,
    0.27793644478356794,
    -0.3081374292470509
  ],
  "deg": 5,
  "ell": 0.001,
  "kind": "phase1_bf16_safe_refined",
  "mu_star": 0.014512134215328841,
  "proxy_min_g": 0.5759718441948634,
  "r": 4.0
}