{
  "basis": "mono",
  "bf16_eval_max_g": 1.0,
  "bf16_eval_min_g": 0.408203125,
  "coeffs": [
    2.2968748807892396,
    -5.592921566316164,
    4.277749902141179
  ],
  "deg": 2,
  "ell": 0.001,
  "kind": "phase1_bf16_safe_refined",
  "mu_star": 2.2118911147117614e-10,
  "proxy_min_g": 0.4083995308656934,
  "r": 4.0
}