{
  "basis": "mono",
  "bf16_eval_max_g": 0.9921875,
  "bf16_eval_min_g": 0.453125,
  "coeffs": [
    2.5663343985579683,
    -17.157336248846818,
    59.81250190731558,
    -80.86569483304207,
    36.47312520787437
  ],
  "deg": 4,
  "ell": 0.001,
  "kind": "phase1_bf16_safe_refined",
  "mu_star": 0.14612914256285878,
  "proxy_min_g": 0.4578337584977419,
  "r": 4.0
}