{
  "basis": "mono",
  "bf16_eval_max_g": 1.0,
  "bf16_eval_min_g": 0.47265625,
  "coeffs": [
    2.6679686307887387,
    -12.19419674921804,
    23.288795735724346,
    -13.338487356562458
  ],
  "deg": 3,
  "ell": 0.001,
  "kind": "phase1_bf16_safe_refined",
  "mu_star": 0.01459463908104226,
  "proxy_min_g": 0.4718601103712598,
  "r": 4.0
}