{
  "kappa_star": 1.5,
  "target_sigma_min": 0.8164965809277261,
  "primary_1step": {
    "coverage_kappaG_max_model": 646846.8177361655,
    "coverage_kappaS_max_model": 418410805615.404,
    "ell_in": 1.5459610723599138e-06,
    "ell_out": 0.816496580927726,
    "step": {
      "label": "primary",
      "r": 5,
      "ell": 1.5459610723599138e-06,
      "alpha": 0.7741882646465051,
      "c_odd": [
        7.601898620627565e-12,
        1.879254097781443e-09,
        4.0384057657768427e-07,
        8.673204596013562e-05,
        0.01880028020355492
      ],
      "c_even": [
        1.271255327779792e-10,
        2.7556085075529295e-08,
        5.918166167218874e-06,
        0.0012717788616631077,
        0.3143945685840929
      ],
      "P_desc": [
        0.7741882646465051,
        0.24438978494314229,
        0.0003110047971202173,
        1.840587938288306e-09,
        5.07161364686128e-17,
        6.4175709483537e-27
      ],
      "Q_desc": [
        1.0,
        0.018887417976947627,
        1.6382497464291474e-06,
        6.615881743992637e-13,
        1.2425126051386582e-21,
        9.40722315067381e-33
      ]
    }
  },
  "fallback_2step": {
    "coverage_kappaG_max_model": 93891244016838.27,
    "coverage_kappaS_max_model": 8.815565703029466e+27,
    "ell0_in": 1.0650620411639898e-14,
    "ell1_mid": 0.004865420763515008,
    "ell2_out": 0.816496580927726,
    "step1": {
      "label": "fallback_step1",
      "r": 2,
      "ell": 1.0650620411639898e-14,
      "alpha": 0.9999940818764184,
      "c_odd": [
        1.916737195992677e-23,
        8.756124411612759e-12
      ],
      "c_even": [
        1.2955014093038351e-17,
        5.918167362223705e-06
      ],
      "P_desc": [
        0.9999940818764184,
        5.918132337790833e-06,
        7.666948784037842e-23
      ],
      "Q_desc": [
        1.0,
        8.756124411631926e-12,
        1.6783189352477672e-34
      ]
    },
    "step2": {
      "label": "fallback_step2",
      "r": 2,
      "ell": 0.004865420763515008,
      "alpha": 0.7741928464149836,
      "c_odd": [
        7.529866294103208e-05,
        0.018788223366507917
      ],
      "c_even": [
        0.0012599551721447749,
        0.3143790112791411
      ],
      "P_desc": [
        0.7741928464149836,
        0.24436542987640453,
        0.0003066604661592532
      ],
      "Q_desc": [
        1.0,
        0.01886352202944895,
        1.4147280985355028e-06
      ]
    }
  },
  "implementation_notes": {
    "step_form": "q(t)=alpha*P(t)/Q(t), deg P=deg Q=r. Apply as Z <- Z*P(S) then right-solve with Q(S).",
    "bf16_safety": "Build S,P(S),Q(S) in fp32 (bf16 inputs, fp32 accumulate), symmetrize, ridge Q if needed, then fp32 Cholesky(Q).",
    "divergence_triggers": "Cholesky fail on Q, NaN/Inf, or spread proxy increases. If so, run fallback 2-step."
  }
}