{
  "basis": "cheb",
  "bf16_eval_max_g": 1.0,
  "bf16_eval_min_g": 0.408203125,
  "coeffs": [
    1.1044631600376966,
    -0.6425490666995067,
    0.5428509728466752
  ],
  "deg": 2,
  "ell": 0.001,
  "kind": "phase1_bf16_safe_refined",
  "mu_star": 2.2118911147117614e-10,
  "proxy_min_g": 0.4083995308656934,
  "r": 4.0
}