{
  "basis": "mono",
  "bf16_eval_max_g": 0.99609375,
  "bf16_eval_min_g": 0.392578125,
  "coeffs": [
    2.2058332419581044,
    -9.17298050232116,
    42.43749809262261,
    -98.12286308972016,
    99.66704767845825,
    -36.49519167575648
  ],
  "deg": 5,
  "ell": 0.001,
  "kind": "phase1_bf16_safe_refined",
  "mu_star": 0.5940600292757154,
  "proxy_min_g": 0.23725304155247956,
  "r": 4.0
}