{
  "basis": "cheb",
  "bf16_eval_max_g": 1.0,
  "bf16_eval_min_g": 0.1298828125,
  "coeffs": [
    1.5043913722035769,
    -1.5614911300756984,
    1.019386843291055
  ],
  "deg": 2,
  "ell": 0.001,
  "kind": "phase1_bf16_safe_refined",
  "mu_star": 2.2118911147117614e-10,
  "proxy_min_g": 0.13024952922847444
}