{
  "basis": "cheb",
  "bf16_eval_max_g": 1.0,
  "bf16_eval_min_g": 0.1767578125,
  "coeffs": [
    1.6679591536514349,
    -1.7176038076797577,
    1.292416033603187,
    -0.8801947339031169
  ],
  "deg": 3,
  "ell": 0.001,
  "kind": "phase1_bf16_safe_refined",
  "mu_star": 0.0024546822183765474,
  "proxy_min_g": 0.17804260216685328
}