{
  "basis": "mono",
  "bf16_eval_max_g": 0.98046875,
  "bf16_eval_min_g": 0.16796875,
  "coeffs": [
    5.298024893746818,
    -27.88975294488562,
    50.062498092643075,
    -27.203079722644475
  ],
  "deg": 3,
  "ell": 0.001,
  "kind": "phase1_bf16_safe_refined",
  "mu_star": 0.04228194209281354,
  "proxy_min_g": 0.17093420432384657
}