{
  "basis": "cheb",
  "bf16_eval_max_g": 1.0,
  "bf16_eval_min_g": 0.22265625,
  "coeffs": [
    1.738888718184014,
    -1.9314568502811815,
    1.4149664044369437,
    -1.1013077511128655,
    0.8461857250159274
  ],
  "deg": 4,
  "ell": 0.001,
  "kind": "phase1_bf16_safe_refined",
  "mu_star": 0.00861640524817631,
  "proxy_min_g": 0.2231591768711231
}