{
  "basis": "mono",
  "bf16_eval_max_g": 0.95703125,
  "bf16_eval_min_g": 0.1328125,
  "coeffs": [
    5.195219764620029,
    -28.423553314125158,
    51.43749760001155,
    -28.04577398246026
  ],
  "deg": 3,
  "ell": 0.001,
  "kind": "phase1_bf16_safe",
  "mu_star": 0.08455057740211486,
  "proxy_min_g": 0.16339006804616305
}