{
  "basis": "mono",
  "bf16_eval_max_g": 0.9921875,
  "bf16_eval_min_g": 0.10205078125,
  "coeffs": [
    3.2273969602858807,
    -16.068966566672543,
    70.31250381468708,
    -152.11644351104303,
    147.296254252801,
    -52.481527448824096
  ],
  "deg": 5,
  "ell": 0.001,
  "kind": "phase1_bf16_safe_refined",
  "mu_star": 0.7695883319247512,
  "proxy_min_g": 0.06219996357330966
}