{
  "basis": "mono",
  "bf16_eval_max_g": 0.8125,
  "bf16_eval_min_g": -0.72265625,
  "coeffs": [
    2.202321632104465,
    -28.674038876724165,
    142.96760212976668,
    -309.3009350171816,
    299.4999627480265,
    -106.6261713324794
  ],
  "deg": 5,
  "ell": 0.001,
  "kind": "phase1_bf16_safe",
  "mu_star": 0.7453568637371063,
  "proxy_min_g": 0.06874128351248522
}