{
  "basis": "mono",
  "bf16_eval_max_g": 1.0,
  "bf16_eval_min_g": 0.12890625,
  "coeffs": [
    4.062499761581068,
    -11.006798219211918,
    7.7510832399200895
  ],
  "deg": 2,
  "ell": 0.001,
  "kind": "phase1_bf16_safe_refined",
  "mu_star": 0.022645843110512945,
  "proxy_min_g": 0.12729991885250558
}