{
  "basis": "mono",
  "bf16_eval_max_g": 0.85546875,
  "bf16_eval_min_g": -0.3125,
  "coeffs": [
    5.26788849240191,
    -46.85358966690913,
    151.38739351531368,
    -191.81819210035457,
    82.74999305784027
  ],
  "deg": 4,
  "ell": 0.001,
  "kind": "phase1_bf16_safe",
  "mu_star": 0.2665067017078401,
  "proxy_min_g": 0.1651084015853011
}