{
  "basis": "mono",
  "bf16_eval_max_g": 0.99609375,
  "bf16_eval_min_g": 0.1259765625,
  "coeffs": [
    3.9893157997665876,
    -24.4234241739005,
    77.37499618525197,
    -99.60850077543434,
    42.97091249487302
  ],
  "deg": 4,
  "ell": 0.001,
  "kind": "phase1_bf16_safe_refined",
  "mu_star": 0.1514946095645428,
  "proxy_min_g": 0.19099747615622872
}