{
  "basis": "mono",
  "bf16_eval_max_g": 0.98828125,
  "bf16_eval_min_g": 0.1044921875,
  "coeffs": [
    4.067376151348863,
    -11.426395294510645,
    8.343749434528362
  ],
  "deg": 2,
  "ell": 0.001,
  "kind": "phase1_bf16_safe",
  "mu_star": 0.015269708633422852,
  "proxy_min_g": 0.128260656895885
}